{"current":{"base_font":"google_fonts:Lato","base_font_size":"13px","base_font_color":"#888888","heading_font":"google_fonts:Lato","heading_font_size":"50px","heading_font_color":"#333333","links_color":"#383838","links_color_hover":"#e26d0f","product_name_size":"14px","product_name_color":"#333333","product_name_color_hover":"#59ad35","product_price_color":"#59ad35","product_price_sale_color":"#e26d0f","section_headers_bg_color":"rgba(0,0,0,0)","section_headers_alignment":"center","bg_color":"#ffffff","border_color":"#dcdbdb","color_scheme":"scheme_1","scheme_1_color_1":"#59ad35","scheme_1_color_2":"#e26d0f","scheme_2_color_1":"#f2c94c","scheme_2_color_2":"#242424","scheme_3_color_1":"#77c126","scheme_3_color_2":"#fc5d20","color_3":"#ffffff","color_4":"#232323","color_5":"#888888","button_color":"#59ad35","button_hover_color":"#333333","favicon":"shopify:\/\/shop_images\/favicon.png","sidebar_toggle":true,"sidebar_position":"sidebar_left","wishlist_toggle":true,"wishlist_page":"","contact_map":true,"password_link_view":false,"newsletter_form_type":"newsletter_shopify","newsletter_mailchimp_url":"","newsletter_popup_toggle":false,"newsletter_popup_period":"30","newsletter_popup_bg":"","text-animation":true,"badge_toggle":true,"new_products_period":"10000","new_badge_color":"#fa7103","sale_type":"text","sale_badge_color":"#59ad35","color_option":"","size_option":"","product_border":false,"sharing_fb":true,"sharing_tw":true,"sharing_gplus":true,"sharing_pin":true,"checkout_header_image":"","checkout_logo_image":"","checkout_logo_position":"left","checkout_logo_size":"medium","checkout_body_background_image":"","checkout_body_background_color":"#fff","checkout_input_background_color_mode":"white","checkout_sidebar_background_image":"","checkout_sidebar_background_color":"#fafafa","checkout_heading_font":"Helvetica Neue","checkout_body_font":"Helvetica Neue","checkout_accent_color":"#1990c6","checkout_button_color":"#1990c6","checkout_error_color":"#ff6d6d","color_1":"#ffffff","color_2":"#333333","currency_selector":"0","supported_currencies":"USD EUR GBP","show_multiple_currencies":"1","currency_format":"money_with_currency_format","default_currency":"USD","currencies_toggle":true,"currencies_list":"","checkout_use_header_image":false,"checkout_logo":"","checkout_use_body_background_image":false,"checkout_use_sidebar_background_image":false,"color_text":"#3d4246","color_body_text":"#788188","color_sale_text":"#7796A8","color_borders":"#e8e9eb","color_button":"#7796A8","color_button_text":"#fff","color_small_button":"#fff","color_small_button_text":"#3d4246","color_text_field":"#fff","color_text_field_text":"#000","color_image_overlay_text":"#fff","color_image_overlay":"#3d4246","image_overlay_opacity":"0.25","color_body_bg":"#fff","type_header_family":"Google_Work+Sans_600_sans","type_header_base_size":"26px","type_base_family":"Google_Work+Sans_400_sans","type_base_size":"16px","type_bold_product_titles":false,"share_facebook":true,"share_twitter":true,"share_pinterest":true,"social_twitter_link":"","social_facebook_link":"","social_pinterest_link":"","social_instagram_link":"","social_tumblr_link":"","social_snapchat_link":"","social_youtube_link":"","social_vimeo_link":"","sections":{"header":{"type":"header","blocks":{"1548091585416":{"type":"link-4linklists","settings":{"menu_badge":"","show_title":true,"title":"Collections","link":"shopify:\/\/collections","links_1":"main-menu","links_2":"footer","links_3":"main-menu","links_4":"footer","align_text":false}},"1548079106118":{"type":"link-linklist","settings":{"menu_badge":"","title":"Home","link":"https:\/\/theme157-tools.myshopify.com","links":""}},"1548091040491":{"type":"link-products","settings":{"menu_badge":"","title":"Sale","link":"shopify:\/\/collections\/casters","products":"casters"}}},"block_order":["1548091585416","1548079106118","1548091040491"],"settings":{"logo_type":"img","logo_main":"shopify:\/\/shop_images\/logo.png","logo_slogan":"","top_pannel_bg":"#313131","top_pannel_inverted":true,"bottom_pannel_bg":"#232323","bottom_pannel_inverted":true,"header_search":true,"header_search_ajax":true,"currency_selector":true,"supported_currencies":"USD EUR GBP","header_user":true,"header_bg":"#373737","header_inverted":true,"main_header_hover_color":"#59ad35","megamenu_toggle":true,"header_cart":true,"ajax_cart":false}},"footer":{"type":"footer","blocks":{"1524066379460":{"type":"about","settings":{"about_title":"About our company","footer_logo":"","about_text":"<p>The theme is the great choice to launched your e-commerce project. You can choose it not only for fashion business, it's also fitting for electronics, car, cosmetics, furniture and other e-stores. The main Zemez Template will be supporting and updating to all new technical requirements.<\/p>"}},"1527864141108":{"type":"linklist","settings":{"links":"footer"}},"1526483400420":{"type":"linklist","settings":{"links":"main-menu"}},"1527864106625":{"type":"linklist","settings":{"links":"footer"}}},"block_order":["1524066379460","1527864141108","1526483400420","1527864106625"],"settings":{"section_bg_color":"#373737","item_bg_color":"rgba(0,0,0,0)","inverted":false,"bottom_pannel_color":"#313131","bottom_inverted":false,"padding_top":0,"powered_toggle":true,"payment_icons_toggle":false,"cc-amex":false,"cc-diners-club":false,"cc-discover":false,"cc-jcb":false,"cc-mastercard":true,"cc-paypal":true,"cc-stripe":false,"cc-visa":true,"google-wallet":false}},"template-collections-listing":{"type":"template-collections-listing","settings":{"img_size":"medium","img_alignment":"top","text_position":"overlay"}},"template-collection":{"type":"template-collection","settings":{"listing_style":"medium","pagination_type":"default","collection_img_style":"none","collection_img_size":"medium","collection_img_alignment":"bottom","collection_desc_toggle":true,"collection_tags_toggle":false,"product_img_size":"medium","product_img_alignment":"top"}},"template-product":{"type":"template-product","blocks":{"1524829489002":{"type":"all_tab","settings":{"title":"Delivery","page":""}},"1524830446506":{"type":"collection_tab","settings":{"title":"Size Guide","custom_collection":"","page":""}}},"block_order":["1524829489002","1524830446506"],"settings":{"product_view_type":"carousel","image_alignment":"top","show_weight":false,"show_sku":true,"show_barcode":true,"show_collections":true,"show_product_types":true,"show_vendor":true,"show_tags":false,"show_share_buttons":true,"show_desc":true,"show_color":true,"show_size":true,"show_notify_button":true,"show_related_products":true,"related_products_title":"Your may also be interested in following product"}},"template-wishlist":{"type":"template-wishlist","settings":{"product_img_size":"medium","product_img_alignment":"center"}},"1548077438942":{"type":"index-slideshow-full-width","blocks":{"1548077438942-0":{"type":"image","settings":{"image":"shopify:\/\/shop_images\/slide1_image.jpg","img_alignment":"top","caption_position":"right","caption_txt1":"Stihl","caption_txt2":"choose from a great selection","caption_txt3":"","caption_link":"shopify:\/\/collections","circle_block":true,"circle_txt1":"$368","circle_txt2":"20% OFF"}},"1548077438942-1":{"type":"image","settings":{"image":"shopify:\/\/shop_images\/slide2_image.jpg","img_alignment":"top","caption_position":"right","caption_txt1":"Bosch","caption_txt2":"DEWALT DCK955X 18-VOLT XRP CORDLESS","caption_txt3":"","caption_link":"shopify:\/\/collections\/construction","circle_block":true,"circle_txt1":"$368","circle_txt2":"20% OFF"}},"1548077447120":{"type":"image","settings":{"image":"shopify:\/\/shop_images\/slide3_image.jpg","img_alignment":"top","caption_position":"right","caption_txt1":"Dewalt","caption_txt2":"at ridiculously low prices","caption_txt3":"","caption_link":"shopify:\/\/collections\/all","circle_block":true,"circle_txt1":"$368","circle_txt2":"20% OFF"}}},"block_order":["1548077438942-0","1548077438942-1","1548077447120"],"settings":{"autoplay":false,"autoplay_speed":"5000","slideshow_height":"medium"}},"1548077834316":{"type":"index-products-carousel","settings":{"section_title":"Featured products","section_bg_color":"","section_collection":"construction","products_count":"12","carousel_rows":"2","carousel_direction":"2","img_size":"medium","img_alignment":"center"}},"1548077926698":{"type":"index-image-with-text-overlay","blocks":{"1548352931150":{"type":"block_with_icons","settings":{"block_icons_link_1":"shopify:\/\/collections\/abrasives","block_icons_title_1":"SSL CERTIFICATE","block_icons_text_1":"If the website has an SLL certificate, this means that the owners care about your shopping experience being secure, safe and sound and want to make sure that all the data (including financial) that you enter on our website will be securely encrypted!","block_icons_link_2":"shopify:\/\/products\/amazonbasics-8-pack-aa-ni-mh-pre-charged-rechargeable-batteries","block_icons_title_2":"MULTIPLE GATEWAYS","block_icons_text_2":"When we were considering which payment gateways to use on our website, the choice narrowed down to 5 most universal ones: Visa; MasterCard; PayPal; Discover; Stripe.","block_icons_link_3":"shopify:\/\/collections\/casters","block_icons_title_3":"24\/7 CUSTOMER SUPPORT","block_icons_text_3":"Also, it is comforting to know that should you experience any kind of technical bump in the road during the checkout process, you can always address our customer support department with your billing questions!","block_icons_link_4":"shopify:\/\/collections\/electrical","block_icons_title_4":"CAN I TRACK MY ORDER?","block_icons_text_4":"We rely on a global network of shipping partners (UPS, FedEx, DHL) as well as local postal services (USPS) to get your order to your doorstep as soon as possible."}}},"block_order":["1548352931150"],"settings":{"section_height":"medium","section_view":"full_width","image":"shopify:\/\/shop_images\/custom_bottom_bg.jpg","img_alignment":"top","parallax":true,"image_2":"","img_alignment_2":"top","parallax_2":false,"caption_align":"center","inverted":false,"caption_bg_color":"","caption_bg_color_opacity":0.5}},"1548264971712":{"type":"index-gallery-custom","blocks":{"1548264971712-0":{"type":"image","settings":{"item_img":"shopify:\/\/shop_images\/custom_showcase1_img.png","item_img_alignment":"center","item_text1":"<p><strong>CORDLESS<\/strong><\/p>\n<p>tools<\/p>","item_text2":"We assure you that our goods have a great number of advantages and it is very important for the customers.","gallery_link":"shopify:\/\/collections\/abrasives","gallery_btn":"shop now!"}},"1548264971712-1":{"type":"image","settings":{"item_img":"shopify:\/\/shop_images\/custom_showcase2_img.png","item_img_alignment":"center","item_text1":"<p><strong>ELECTRICIANS<\/strong><\/p>\n<p>TOOLS<\/p>","item_text2":"The products of our store are the perfect combination of a real reliability and durability.","gallery_link":"shopify:\/\/collections\/electrical","gallery_btn":"shop now!"}},"1548264971712-2":{"type":"image","settings":{"item_img":"shopify:\/\/shop_images\/custom_showcase3_img.png","item_img_alignment":"center","item_text1":"<p><strong>Power<\/strong><\/p>\n<p>TOOLS<\/p>","item_text2":"You know that nowadays we have faced with the problem of fakes. It is so easy to become a victim of cheaters.","gallery_link":"shopify:\/\/collections\/electrical","gallery_btn":"shop now!"}},"1548264993555":{"type":"image","settings":{"item_img":"shopify:\/\/shop_images\/custom_showcase4_img.png","item_img_alignment":"center","item_text1":"<p><strong>Hand<\/strong><\/p>\n<p>TOOLS<\/p>","item_text2":"It is so easy to become a victim of cheaters.","gallery_link":"shopify:\/\/collections\/construction","gallery_btn":"shop now!"}}},"block_order":["1548264971712-0","1548264971712-1","1548264971712-2","1548264993555"],"settings":{"section_height":"medium","boxed":false,"section_style":"style_1"}},"1548336186156":{"type":"index-custom-content","blocks":{"1548336186156-1":{"type":"text","settings":{"title":"","text":"<p>The products of our store are the perfect combination of a real reliability and durability. We assure you that our goods have a great number of advantages and it is very important for the customers. Our products are the real bestsellers because they have numerous devoted clients all over the country and as you know - those positive testimonials are the best advertising. This fact proves that our company takes the leading place among the competing ones. We assure you that our goods have a great number of advantages and it is very important for the customers. Our products are the real bestsellers because they have numerous devoted clients all over the country and as you know - those positive testimonials are the best advertising.<\/p>","width":"100%","align_text":"left"}}},"block_order":["1548336186156-1"],"settings":{"title":"<p><strong>WELCOME<\/strong>&nbsp;TO OUR STORE!<\/p>"}},"sidebar":{"type":"sidebar","blocks":{"1553866435656":{"type":"widget_collections","settings":{"title":"Collections"}},"1553866560317":{"type":"widget_types","settings":{"title":"Product types"}}},"block_order":["1553866435656","1553866560317"],"settings":{}},"sidebar-sort":{"type":"sidebar-sort","settings":{"show_section":false,"title":"Filter","text":"Search by products","filter_category":false,"filter_type":false,"custom_tags_caption_1":"Tag #1","custom_tags_1":"","custom_tags_caption_2":"Tag #2","custom_tags_2":"","button":"Show","color_option_heading":"Color","tag_option_heading":"Tag name"}},"sidebar-ensuing":{"type":"sidebar-ensuing","blocks":{"1553866468391":{"type":"widget_banner","settings":{"image":"shopify:\/\/shop_images\/custom_bottom_bg.jpg","banner_height":"large","title":"New collection","text":"","link":"shopify:\/\/collections\/construction"}},"1553866524301":{"type":"widget_products","settings":{"title":"Products","products_collection":"construction"}}},"block_order":["1553866468391","1553866524301"],"settings":{}}},"content_for_index":["1548077438942","1548264971712","1548336186156","1548077834316","1548077926698"]},"presets":{"Default":{"sections":{"header":{"type":"header","settings":{}},"footer":{"type":"footer","settings":{}}},"content_for_index":[]}}}